{
  "exchanges": [
    {
      "name": "CoinGecko",
      "link": "https://www.coingecko.com/en/api",
      "api_url": "https://api.coingecko.com/api/v3/coins/markets?vs_currency={currency}&order=market_cap_desc&per_page=250&page=1&sparkline=false",
      "limitations": {
        "requests_per_minute": 30,
        "rate_limiting": "L'API gratuita permette fino a 30 richieste al minuto"
      },
      "api_key": "CG-6VXz4ZHe6ASTaqg9D7wghp8M"
    },
    {
      "name": "CryptoCompare",
      "link": "https://min-api.cryptocompare.com",
      "api_url": "https://min-api.cryptocompare.com/data/pricemulti?fsyms={symbol}&tsyms=USD,EUR,USDT",
      "api_key": "richiesta per l'accesso",
      "limitations": {
        "requests_per_minute": 50,
        "rate_limiting": "Limiti applicabili sulla chiave API gratuita"
      }
    },
    {
      "name": "CoinMarketCap",
      "link": "https://coinmarketcap.com/api",
      "api_url": "https://pro-api.coinmarketcap.com/v1/cryptocurrency/listings/latest?convert=USD,EUR,USDT",
      "api_key": "richiesta per l'accesso",
      "limitations": {
        "requests_per_minute": 10,
        "rate_limiting": "Le API gratuite limitano a 10 richieste al minuto"
      }
    },
    {
      "name": "Nomics",
      "link": "https://nomics.com/",
      "api_url": "https://api.nomics.com/v1/currencies/ticker?key=richiesta_per_accesso&convert=USD,EUR,USDT",
      "api_key": "richiesta per l'accesso",
      "limitations": {
        "requests_per_minute": 60,
        "rate_limiting": "Le API gratuite consentono fino a 60 richieste al minuto"
      }
    },
    {
      "name": "Messari",
      "link": "https://messari.io/api",
      "api_url": "https://data.messari.io/api/v1/assets?fields=id,slug,symbol,metrics/market_data/price_usd,metrics/market_data/price_eur,metrics/market_data/price_usdt",
      "api_key": "richiesta per l'accesso",
      "limitations": {
        "requests_per_minute": 10,
        "rate_limiting": "Limite di 10 richieste al minuto per gli utenti gratuiti"
      }
    }
  ]
}